"species","latitude","longitude","date_obs","source"
"Barbastella barbastellus",48.745356,3.468055,2026-01-08,"gbif"
"Barbastella barbastellus",43.975926,3.663813,2026-01-09,"gbif"
"Barbastella barbastellus",43.795746,6.361965,2026-01-11,"gbif"
"Barbastella barbastellus",45.17033,5.506273,2026-01-24,"gbif"
"Barbastella barbastellus",43.716616,6.351551,2026-01-11,"gbif"
"Barbastella barbastellus",48.650634,3.501766,2026-01-08,"gbif"
"Barbastella barbastellus",45.581632,4.745191,2026-01-12,"gbif"
"Barbastella barbastellus",44.272179,3.375694,2026-01-31,"gbif"
"Barbastella barbastellus",44.491044,4.328075,2026-01-20,"gbif"
"Barbastella barbastellus",47.273402,6.161452,2026-02-01,"gbif"
"Barbastella barbastellus",43.833408,2.222873,2026-02-15,"gbif"
"Barbastella barbastellus",45.219897,1.20672,2026-04-17,"gbif"
"Barbastella barbastellus",44.134325,4.54438,2026-04-18,"gbif"
"Barbastella barbastellus",46.64,6.02,2026-04-25,"gbif"
"Barbastella barbastellus",46.743017,0.704171,2025-01-18,"gbif"
"Barbastella barbastellus",48.743577,5.148699,2025-01-17,"gbif"
"Barbastella barbastellus",46.67746,0.599281,2025-01-18,"gbif"
"Barbastella barbastellus",46.711649,0.218454,2025-01-18,"gbif"
"Barbastella barbastellus",46.82598,0.352908,2025-01-19,"gbif"
"Barbastella barbastellus",46.622043,0.566815,2025-01-19,"gbif"
"Barbastella barbastellus",47.35151,4.749339,2025-02-07,"gbif"
"Barbastella barbastellus",43.787441,3.113491,2025-02-15,"gbif"
"Barbastella barbastellus",47.815735,-2.717022,2025-04-23,"gbif"
"Barbastella barbastellus",45.829985,1.280717,2025-04-13,"gbif"
"Barbastella barbastellus",45.836686,1.31904,2025-04-06,"gbif"
"Barbastella barbastellus",49.106035,5.244584,2025-05-26,"gbif"
"Barbastella barbastellus",49.189226,-1.298286,2025-06-10,"gbif"
"Barbastella barbastellus",47.564683,4.551556,2025-06-01,"gbif"
"Barbastella barbastellus",46.49931,4.448307,2025-07-06,"gbif"
"Barbastella barbastellus",46.144677,5.898177,2025-07-19,"gbif"
"Barbastella barbastellus",47.322013,0.131325,2025-07-02,"gbif"
"Barbastella barbastellus",44.0526,4.1364,2025-07-27,"gbif"
"Barbastella barbastellus",44.2417,4.1111,2025-07-28,"gbif"
"Barbastella barbastellus",44.0515,4.1345,2025-07-24,"gbif"
"Barbastella barbastellus",44.0526,4.1364,2025-07-27,"gbif"
"Barbastella barbastellus",41.518453,8.983165,2025-07-26,"gbif"
"Barbastella barbastellus",42.150425,8.739211,2025-07-29,"gbif"
"Barbastella barbastellus",47.911254,4.56765,2025-07-31,"gbif"
"Barbastella barbastellus",46.052102,-0.99693,2025-08-01,"gbif"
"Barbastella barbastellus",47.600416,1.749568,2025-08-07,"gbif"
"Barbastella barbastellus",44.767929,5.618107,2025-08-23,"gbif"
"Barbastella barbastellus",47.462904,4.505441,2025-08-27,"gbif"
"Barbastella barbastellus",47.454038,4.525124,2025-08-27,"gbif"
"Barbastella barbastellus",47.495084,-1.561358,2025-08-23,"gbif"
"Barbastella barbastellus",43.037526,0.061688,2025-08-30,"gbif"
"Barbastella barbastellus",49.13729,6.285929,2025-09-21,"gbif"
"Barbastella barbastellus",47.599368,4.443522,2025-09-07,"gbif"
"Barbastella barbastellus",47.562337,4.42034,2025-09-06,"gbif"
"Barbastella barbastellus",47.464345,4.630765,2025-09-06,"gbif"
"Barbastella barbastellus",45.11544,4.667742,2025-09-12,"gbif"
"Barbastella barbastellus",43.537753,-0.119628,2025-09-03,"gbif"
"Barbastella barbastellus",45.745909,5.184259,2025-09-25,"gbif"
"Barbastella barbastellus",48.648047,-2.865735,2025-10-22,"gbif"
"Barbastella barbastellus",44.321347,0.941455,2025-11-01,"gbif"
"Barbastella barbastellus",45.382563,5.87478,2025-11-10,"gbif"
"Barbastella barbastellus",45.747187,5.799273,2025-12-23,"gbif"
"Barbastella barbastellus",45.610549,6.057138,2025-12-27,"gbif"
"Barbastella barbastellus",45.910953,5.473824,2024-01-21,"gbif"
"Barbastella barbastellus",46.920177,0.225419,2024-01-21,"gbif"
"Barbastella barbastellus",48.389364,-0.030153,2024-01-25,"gbif"
"Barbastella barbastellus",43.721775,3.063343,2024-02-10,"gbif"
"Barbastella barbastellus",43.675969,3.0845,2024-02-10,"gbif"
"Barbastella barbastellus",47.096919,-1.20573,2024-04-30,"gbif"
"Barbastella barbastellus",43.915529,3.990059,2024-05-04,"gbif"
"Barbastella barbastellus",44.163731,1.119044,2024-05-30,"gbif"
"Barbastella barbastellus",44.163605,0,2024-05-30,"gbif"
"Barbastella barbastellus",44.351308,3.893404,2024-05-18,"gbif"
"Barbastella barbastellus",43.745629,1.066338,2024-06-10,"gbif"
"Barbastella barbastellus",44.318069,3.803589,2024-06-16,"gbif"
"Barbastella barbastellus",48.859454,-0.117132,2024-06-28,"gbif"
"Barbastella barbastellus",48.912927,-0.116836,2024-06-28,"gbif"
"Barbastella barbastellus",44.263444,3.844646,2024-06-23,"gbif"
"Barbastella barbastellus",44.347362,3.842634,2024-06-02,"gbif"
"Barbastella barbastellus",48.752347,-1.263768,2024-07-10,"gbif"
"Barbastella barbastellus",44.126356,5.705006,2024-07-30,"gbif"
"Barbastella barbastellus",45.635063,3.573291,2024-08-17,"gbif"
"Barbastella barbastellus",48.188186,-1.352561,2024-08-24,"gbif"
"Barbastella barbastellus",43.429229,-0.084331,2024-08-28,"gbif"
"Barbastella barbastellus",43.871015,5.741194,2024-08-20,"gbif"
"Barbastella barbastellus",43.899761,3.861315,2024-09-11,"gbif"
"Barbastella barbastellus",48.283045,-0.182233,2024-09-28,"gbif"
"Barbastella barbastellus",46.315594,3.40245,2024-09-29,"gbif"
"Barbastella barbastellus",48.64185,-0.144208,2024-10-04,"gbif"
"Barbastella barbastellus",43.771445,1.174063,2024-10-14,"gbif"
"Barbastella barbastellus",47.376143,3.7927,2024-10-28,"gbif"
"Barbastella barbastellus",47.133301,1.68583,2024-10-29,"gbif"
"Barbastella barbastellus",43.750796,3.127062,2024-11-16,"gbif"
"Barbastella barbastellus",43.691893,3.068507,2024-11-16,"gbif"
"Barbastella barbastellus",43.677275,3.136024,2024-11-16,"gbif"
"Barbastella barbastellus",48.876819,5.539613,2024-11-17,"gbif"
"Barbastella barbastellus",48.21793,-1.535257,2024-11-25,"gbif"
"Barbastella barbastellus",45.262526,5.280779,2024-12-25,"gbif"
"Barbastella barbastellus",48.024083,-2.979648,2024-12-03,"gbif"
"Barbastella barbastellus",48.783084,3.523721,2023-01-27,"gbif"
"Barbastella barbastellus",49.29495,-0.09331,2023-01-24,"gbif"
"Barbastella barbastellus",44.89673,0.52951,2023-01-31,"gbif"
"Barbastella barbastellus",44.0811,0.31507,2023-01-26,"gbif"
"Barbastella barbastellus",45.16947,0.64479,2023-01-23,"gbif"
"Barbastella barbastellus",44.35097,0.30228,2023-01-12,"gbif"
"Barbastella barbastellus",45.34948,0.63718,2023-01-12,"gbif"
"Barbastella barbastellus",45.26456,0.89589,2023-01-30,"gbif"
"Barbastella barbastellus",44.99902,1.15975,2023-01-16,"gbif"
"Barbastella barbastellus",43.07517,-0.25214,2023-02-08,"gbif"
"Barbastella barbastellus",43.25642,-0.76095,2023-02-09,"gbif"
"Barbastella barbastellus",47.3,6.2,2023-02-04,"gbif"
"Barbastella barbastellus",44.63683,1.04545,2023-02-03,"gbif"
"Barbastella barbastellus",44.17106,0.31082,2023-02-24,"gbif"
"Barbastella barbastellus",44.05208,-0.68272,2023-03-07,"gbif"
"Barbastella barbastellus",44.99902,1.15975,2023-03-02,"gbif"
"Barbastella barbastellus",47.23689,2.07871,2023-04-24,"gbif"
"Barbastella barbastellus",44.39841,-1.08239,2023-05-16,"gbif"
"Barbastella barbastellus",48.49283,0.22488,2023-05-16,"gbif"
"Barbastella barbastellus",48.49283,0.22488,2023-05-16,"gbif"
"Barbastella barbastellus",48.49283,0.22488,2023-05-16,"gbif"
"Barbastella barbastellus",48.49283,0.22488,2023-05-16,"gbif"
"Barbastella barbastellus",44.24388,-0.31916,2023-05-26,"gbif"
"Barbastella barbastellus",44.24388,-0.31916,2023-05-26,"gbif"
"Barbastella barbastellus",48.11292,-1.708258,2023-05-13,"gbif"
"Barbastella barbastellus",48.111635,-1.705441,2023-05-13,"gbif"
"Barbastella barbastellus",44.20385,2.81231,2023-06-24,"gbif"
"Barbastella barbastellus",43.70094,-1.05966,2023-06-08,"gbif"
"Barbastella barbastellus",43.70094,-1.05966,2023-06-08,"gbif"
"Barbastella barbastellus",43.70094,-1.05966,2023-06-08,"gbif"
"Barbastella barbastellus",44.0811,0.31507,2023-06-26,"gbif"
"Barbastella barbastellus",47.23689,2.07871,2023-06-05,"gbif"
"Barbastella barbastellus",48.43511,2.79721,2023-06-07,"gbif"
"Barbastella barbastellus",48.34206,2.12277,2023-06-23,"gbif"
"Barbastella barbastellus",48.34206,2.12277,2023-06-24,"gbif"
"Barbastella barbastellus",48.25517,2.7979,2023-06-13,"gbif"
"Barbastella barbastellus",48.97477,3.2049,2023-06-05,"gbif"
"Barbastella barbastellus",46.69796,6.29458,2023-06-24,"gbif"
"Barbastella barbastellus",44.74325,2.55786,2023-07-19,"gbif"
"Barbastella barbastellus",47.4781,-0.65269,2023-07-11,"gbif"
"Barbastella barbastellus",47.4781,-0.65269,2023-07-11,"gbif"
"Barbastella barbastellus",48.16519,2.79824,2023-07-18,"gbif"
"Barbastella barbastellus",48.34514,2.79755,2023-07-19,"gbif"
"Barbastella barbastellus",48.78948,1.843,2023-07-11,"gbif"
"Barbastella barbastellus",45.088829,3.410521,2023-08-18,"gbif"
"Barbastella barbastellus",44.551971,4.24769,2023-08-30,"gbif"
"Barbastella barbastellus",48.414976,-2.06182,2023-08-13,"gbif"
"Barbastella barbastellus",46.882324,1.00409,2023-08-09,"gbif"
"Barbastella barbastellus",44.86958,-0.4829,2023-08-23,"gbif"
"Barbastella barbastellus",47.539372,4.42241,2023-08-09,"gbif"
"Barbastella barbastellus",47.06102,6.68174,2023-08-16,"gbif"
"Barbastella barbastellus",45.10382,2.68215,2023-09-05,"gbif"
"Barbastella barbastellus",45.10382,2.68215,2023-09-07,"gbif"
"Barbastella barbastellus",48.43051,-2.10661,2023-09-17,"gbif"
"Barbastella barbastellus",49.94914,1.1205,2023-09-14,"gbif"
"Barbastella barbastellus",48.25517,2.7979,2023-09-05,"gbif"
"Barbastella barbastellus",43.122104,0.931098,2023-10-16,"gbif"
"Barbastella barbastellus",44.578413,0.818133,2023-10-13,"gbif"
"Barbastella barbastellus",45.10382,2.68215,2023-10-10,"gbif"
"Barbastella barbastellus",48.34437,2.52763,2023-10-05,"gbif"
"Barbastella barbastellus",48.225709,2.671546,2023-12-20,"gbif"
"Barbastella barbastellus",45.1943,3.06367,2023-08-31,"gbif"
"Barbastella barbastellus",44.74325,2.55786,2023-07-31,"gbif"
"Barbastella barbastellus",48.49283,0.22488,2023-08-31,"gbif"
"Barbastella barbastellus",48.49283,0.22488,2023-08-31,"gbif"
"Barbastella barbastellus",48.49283,0.22488,2023-08-31,"gbif"
"Barbastella barbastellus",48.49283,0.22488,2023-08-31,"gbif"
"Barbastella barbastellus",48.49283,0.22488,2023-08-31,"gbif"
"Barbastella barbastellus",45.10411,3.19071,2022-01-16,"gbif"
"Barbastella barbastellus",44.38187,2.30963,2022-01-23,"gbif"
"Barbastella barbastellus",44.38187,2.30963,2022-01-22,"gbif"
"Barbastella barbastellus",44.38187,2.30963,2022-01-23,"gbif"
"Barbastella barbastellus",45.03688,-0.87469,2022-01-15,"gbif"
"Barbastella barbastellus",46.78373,0.31239,2022-01-26,"gbif"
"Barbastella barbastellus",46.78956,0.57442,2022-01-22,"gbif"
"Barbastella barbastellus",46.69956,0.57844,2022-01-26,"gbif"
"Barbastella barbastellus",46.78059,0.1814,2022-01-23,"gbif"
"Barbastella barbastellus",45.76913,-0.53964,2022-01-29,"gbif"
"Barbastella barbastellus",45.94492,-0.68016,2022-01-26,"gbif"
"Barbastella barbastellus",45.60062,-0.14368,2022-01-25,"gbif"
"Barbastella barbastellus",45.76502,-0.66817,2022-01-29,"gbif"
"Barbastella barbastellus",44.78728,-0.22472,2022-01-29,"gbif"
"Barbastella barbastellus",45.67507,-0.6622,2022-01-29,"gbif"
"Barbastella barbastellus",45.76502,-0.66817,2022-01-29,"gbif"
"Barbastella barbastellus",45.58921,-0.52814,2022-01-30,"gbif"
"Barbastella barbastellus",45.67507,-0.6622,2022-01-29,"gbif"
"Barbastella barbastellus",45.85497,-0.67415,2022-01-27,"gbif"
"Barbastella barbastellus",44.86958,-0.4829,2022-01-29,"gbif"
"Barbastella barbastellus",45.61071,0.24092,2022-01-19,"gbif"
"Barbastella barbastellus",45.85497,-0.67415,2022-01-26,"gbif"
"Barbastella barbastellus",45.41323,-0.389,2022-01-30,"gbif"
"Barbastella barbastellus",45.67507,-0.6622,2022-01-29,"gbif"
"Barbastella barbastellus",45.61071,0.24092,2022-01-22,"gbif"
"Barbastella barbastellus",45.76502,-0.66817,2022-01-29,"gbif"
"Barbastella barbastellus",45.76913,-0.53964,2022-01-29,"gbif"
"Barbastella barbastellus",45.93624,-0.938,2022-01-13,"gbif"
"Barbastella barbastellus",45.85497,-0.67415,2022-01-28,"gbif"
"Barbastella barbastellus",45.94492,-0.68016,2022-01-26,"gbif"
"Barbastella barbastellus",45.6075,0.1127,2022-01-16,"gbif"
"Barbastella barbastellus",44.69358,-0.34568,2022-01-30,"gbif"
"Barbastella barbastellus",45.85497,-0.67415,2022-01-29,"gbif"
"Barbastella barbastellus",45.44211,0.76121,2022-01-19,"gbif"
"Barbastella barbastellus",45.3569,1.02016,2022-01-27,"gbif"
"Barbastella barbastellus",45.3438,0.38191,2022-01-31,"gbif"
"Barbastella barbastellus",44.02313,3.43655,2022-01-21,"gbif"
"Barbastella barbastellus",44.02313,3.43655,2022-01-21,"gbif"
"Barbastella barbastellus",44.02313,3.43655,2022-01-22,"gbif"
"Barbastella barbastellus",44.02313,3.43655,2022-01-21,"gbif"
"Barbastella barbastellus",44.02256,3.56128,2022-01-22,"gbif"
"Barbastella barbastellus",44.02256,3.56128,2022-01-22,"gbif"
"Barbastella barbastellus",43.93257,3.5604,2022-01-22,"gbif"
"Barbastella barbastellus",43.66402,3.06197,2022-01-22,"gbif"
"Barbastella barbastellus",43.66388,3.18592,2022-01-22,"gbif"
"Barbastella barbastellus",43.93313,3.43587,2022-01-22,"gbif"
"Barbastella barbastellus",44.02313,3.43655,2022-01-22,"gbif"
"Barbastella barbastellus",43.93313,3.43587,2022-01-22,"gbif"
"Barbastella barbastellus",44.0811,0.31507,2022-01-24,"gbif"
"Barbastella barbastellus",44.17106,0.31082,2022-01-24,"gbif"
"Barbastella barbastellus",45.308568,4.411977,2022-02-05,"gbif"
"Barbastella barbastellus",45.28434,3.06378,2022-02-05,"gbif"
"Barbastella barbastellus",45.2839,2.68112,2022-02-04,"gbif"
"Barbastella barbastellus",45.37351,2.55285,2022-02-04,"gbif"
"Barbastella barbastellus",45.79672,5.51076,2022-02-05,"gbif"
"Barbastella barbastellus",45.79672,5.51076,2022-02-05,"gbif"
"Barbastella barbastellus",43.25642,-0.76095,2022-02-10,"gbif"
"Barbastella barbastellus",43.25642,-0.76095,2022-02-04,"gbif"
"Barbastella barbastellus",43.25642,-0.76095,2022-02-10,"gbif"
"Barbastella barbastellus",47.77341,0.26241,2022-02-12,"gbif"
"Barbastella barbastellus",49.05627,1.56339,2022-02-08,"gbif"
"Barbastella barbastellus",44.90684,1.03604,2022-02-10,"gbif"
"Barbastella barbastellus",46.60062,0.19072,2022-02-04,"gbif"
"Barbastella barbastellus",47.04377,-0.09596,2022-02-08,"gbif"
"Barbastella barbastellus",44.90684,1.03604,2022-02-03,"gbif"
"Barbastella barbastellus",44.90684,1.03604,2022-02-01,"gbif"
"Barbastella barbastellus",44.99902,1.15975,2022-02-02,"gbif"
"Barbastella barbastellus",44.02185,3.686,2022-02-04,"gbif"
"Barbastella barbastellus",43.93313,3.43587,2022-02-01,"gbif"
"Barbastella barbastellus",44.01759,4.18486,2022-03-31,"gbif"
"Barbastella barbastellus",48.78654,4.42919,2022-03-26,"gbif"
"Barbastella barbastellus",44.74325,2.55786,2022-03-26,"gbif"
"Barbastella barbastellus",47.70154,1.19983,2022-03-28,"gbif"
"Barbastella barbastellus",48.50424,5.23396,2022-03-21,"gbif"
"Barbastella barbastellus",48.50424,5.23396,2022-03-28,"gbif"
"Barbastella barbastellus",48.50424,5.23396,2022-03-15,"gbif"
"Barbastella barbastellus",48.50424,5.23396,2022-03-28,"gbif"
"Barbastella barbastellus",48.50424,5.23396,2022-03-28,"gbif"
"Barbastella barbastellus",48.50424,5.23396,2022-03-28,"gbif"
"Barbastella barbastellus",48.50424,5.23396,2022-03-23,"gbif"
"Barbastella barbastellus",48.50424,5.23396,2022-03-28,"gbif"
"Barbastella barbastellus",48.50424,5.23396,2022-03-22,"gbif"
"Barbastella barbastellus",48.50424,5.23396,2022-03-21,"gbif"
"Barbastella barbastellus",48.50424,5.23396,2022-03-28,"gbif"
"Barbastella barbastellus",48.50424,5.23396,2022-03-21,"gbif"
"Barbastella barbastellus",48.50424,5.23396,2022-03-22,"gbif"
"Barbastella barbastellus",48.50424,5.23396,2022-03-28,"gbif"
"Barbastella barbastellus",48.50424,5.23396,2022-03-21,"gbif"
"Barbastella barbastellus",48.50424,5.23396,2022-03-21,"gbif"
"Barbastella barbastellus",48.50424,5.23396,2022-03-13,"gbif"
"Barbastella barbastellus",48.50424,5.23396,2022-03-28,"gbif"
"Barbastella barbastellus",48.50424,5.23396,2022-03-28,"gbif"
"Barbastella barbastellus",48.50424,5.23396,2022-03-28,"gbif"
"Barbastella barbastellus",48.50424,5.23396,2022-03-15,"gbif"
"Barbastella barbastellus",48.50424,5.23396,2022-03-28,"gbif"
"Barbastella barbastellus",48.50424,5.23396,2022-03-28,"gbif"
"Barbastella barbastellus",48.50424,5.23396,2022-03-28,"gbif"
"Barbastella barbastellus",48.50424,5.23396,2022-03-29,"gbif"
"Barbastella barbastellus",48.50424,5.23396,2022-03-28,"gbif"
"Barbastella barbastellus",48.50424,5.23396,2022-03-28,"gbif"
"Barbastella barbastellus",48.50424,5.23396,2022-03-22,"gbif"
"Barbastella barbastellus",48.50424,5.23396,2022-03-28,"gbif"
"Barbastella barbastellus",48.50424,5.23396,2022-03-28,"gbif"
"Barbastella barbastellus",48.50424,5.23396,2022-03-28,"gbif"
"Barbastella barbastellus",48.50424,5.23396,2022-03-28,"gbif"
"Barbastella barbastellus",48.50424,5.23396,2022-03-28,"gbif"
"Barbastella barbastellus",48.50424,5.23396,2022-03-13,"gbif"
"Barbastella barbastellus",48.50424,5.23396,2022-03-28,"gbif"
"Barbastella barbastellus",48.50424,5.23396,2022-03-28,"gbif"
"Barbastella barbastellus",48.50424,5.23396,2022-03-22,"gbif"
"Barbastella barbastellus",48.50424,5.23396,2022-03-13,"gbif"
"Barbastella barbastellus",48.50424,5.23396,2022-03-28,"gbif"
"Barbastella barbastellus",48.50424,5.23396,2022-03-22,"gbif"
"Barbastella barbastellus",48.50424,5.23396,2022-03-23,"gbif"
"Barbastella barbastellus",48.50424,5.23396,2022-03-28,"gbif"
"Barbastella barbastellus",48.50424,5.23396,2022-03-28,"gbif"
"Barbastella barbastellus",48.50424,5.23396,2022-03-22,"gbif"
"Barbastella barbastellus",49.16217,-1.45788,2022-03-23,"gbif"
"Barbastella barbastellus",49.16217,-1.45788,2022-03-23,"gbif"
"Barbastella barbastellus",49.16217,-1.45788,2022-03-23,"gbif"
"Barbastella barbastellus",49.16217,-1.45788,2022-03-23,"gbif"
"Barbastella barbastellus",49.16217,-1.45788,2022-03-23,"gbif"
"Barbastella barbastellus",49.16217,-1.45788,2022-03-23,"gbif"
"Barbastella barbastellus",49.16217,-1.45788,2022-03-23,"gbif"
"Barbastella barbastellus",49.16217,-1.45788,2022-03-23,"gbif"
"Barbastella barbastellus",49.16217,-1.45788,2022-03-23,"gbif"
"Barbastella barbastellus",49.16217,-1.45788,2022-03-23,"gbif"
"Barbastella barbastellus",49.16217,-1.45788,2022-03-23,"gbif"
"Barbastella barbastellus",49.16217,-1.45788,2022-03-23,"gbif"
"Barbastella barbastellus",49.16217,-1.45788,2022-03-24,"gbif"
"Barbastella barbastellus",49.16217,-1.45788,2022-03-23,"gbif"
"Barbastella barbastellus",49.16217,-1.45788,2022-03-24,"gbif"
"Barbastella barbastellus",49.16217,-1.45788,2022-03-23,"gbif"
"Barbastella barbastellus",49.16217,-1.45788,2022-03-23,"gbif"
"Barbastella barbastellus",49.16217,-1.45788,2022-03-23,"gbif"
"Barbastella barbastellus",49.16217,-1.45788,2022-03-23,"gbif"
"Barbastella barbastellus",49.16217,-1.45788,2022-03-23,"gbif"
"Barbastella barbastellus",49.16217,-1.45788,2022-03-23,"gbif"
"Barbastella barbastellus",49.16217,-1.45788,2022-03-23,"gbif"
"Barbastella barbastellus",49.16217,-1.45788,2022-03-23,"gbif"
"Barbastella barbastellus",49.16217,-1.45788,2022-03-23,"gbif"
"Barbastella barbastellus",49.16217,-1.45788,2022-03-24,"gbif"
"Barbastella barbastellus",49.16217,-1.45788,2022-03-23,"gbif"
"Barbastella barbastellus",49.16217,-1.45788,2022-03-23,"gbif"
"Barbastella barbastellus",49.16217,-1.45788,2022-03-23,"gbif"
"Barbastella barbastellus",49.16217,-1.45788,2022-03-23,"gbif"
"Barbastella barbastellus",49.16217,-1.45788,2022-03-23,"gbif"
"Barbastella barbastellus",49.16217,-1.45788,2022-03-23,"gbif"
"Barbastella barbastellus",49.16217,-1.45788,2022-03-23,"gbif"
"Barbastella barbastellus",49.16217,-1.45788,2022-03-23,"gbif"
"Barbastella barbastellus",49.16217,-1.45788,2022-03-23,"gbif"
"Barbastella barbastellus",49.16217,-1.45788,2022-03-23,"gbif"
"Barbastella barbastellus",49.16217,-1.45788,2022-03-23,"gbif"
"Barbastella barbastellus",49.16217,-1.45788,2022-03-23,"gbif"
"Barbastella barbastellus",49.16217,-1.45788,2022-03-23,"gbif"
"Barbastella barbastellus",49.16217,-1.45788,2022-03-23,"gbif"
"Barbastella barbastellus",49.16217,-1.45788,2022-03-23,"gbif"
"Barbastella barbastellus",49.16217,-1.45788,2022-03-23,"gbif"
"Barbastella barbastellus",49.16217,-1.45788,2022-03-23,"gbif"
"Barbastella barbastellus",49.16217,-1.45788,2022-03-23,"gbif"
"Barbastella barbastellus",49.16217,-1.45788,2022-03-23,"gbif"
"Barbastella barbastellus",49.16217,-1.45788,2022-03-24,"gbif"
"Barbastella barbastellus",49.16217,-1.45788,2022-03-23,"gbif"
"Barbastella barbastellus",49.16217,-1.45788,2022-03-23,"gbif"
"Barbastella barbastellus",49.16217,-1.45788,2022-03-23,"gbif"
"Barbastella barbastellus",49.16217,-1.45788,2022-03-23,"gbif"
"Barbastella barbastellus",49.16217,-1.45788,2022-03-23,"gbif"
"Barbastella barbastellus",49.16217,-1.45788,2022-03-24,"gbif"
"Barbastella barbastellus",49.16217,-1.45788,2022-03-23,"gbif"
"Barbastella barbastellus",49.16217,-1.45788,2022-03-23,"gbif"
"Barbastella barbastellus",49.16217,-1.45788,2022-03-23,"gbif"
"Barbastella barbastellus",49.16217,-1.45788,2022-03-23,"gbif"
"Barbastella barbastellus",49.16217,-1.45788,2022-03-24,"gbif"
"Barbastella barbastellus",49.16217,-1.45788,2022-03-23,"gbif"
"Barbastella barbastellus",49.16217,-1.45788,2022-03-24,"gbif"
"Barbastella barbastellus",49.16217,-1.45788,2022-03-23,"gbif"
"Barbastella barbastellus",49.16217,-1.45788,2022-03-23,"gbif"
"Barbastella barbastellus",49.16217,-1.45788,2022-03-24,"gbif"
"Barbastella barbastellus",49.16217,-1.45788,2022-03-23,"gbif"
"Barbastella barbastellus",49.16217,-1.45788,2022-03-23,"gbif"
"Barbastella barbastellus",49.16217,-1.45788,2022-03-23,"gbif"
"Barbastella barbastellus",49.16217,-1.45788,2022-03-23,"gbif"
"Barbastella barbastellus",49.16217,-1.45788,2022-03-23,"gbif"
"Barbastella barbastellus",49.16217,-1.45788,2022-03-23,"gbif"
"Barbastella barbastellus",49.16217,-1.45788,2022-03-23,"gbif"
"Barbastella barbastellus",49.16217,-1.45788,2022-03-23,"gbif"
"Barbastella barbastellus",49.16217,-1.45788,2022-03-23,"gbif"
"Barbastella barbastellus",49.16217,-1.45788,2022-03-23,"gbif"
"Barbastella barbastellus",49.16217,-1.45788,2022-03-23,"gbif"
"Barbastella barbastellus",49.16217,-1.45788,2022-03-23,"gbif"
"Barbastella barbastellus",49.16217,-1.45788,2022-03-23,"gbif"
"Barbastella barbastellus",49.16217,-1.45788,2022-03-23,"gbif"
"Barbastella barbastellus",49.16217,-1.45788,2022-03-24,"gbif"
"Barbastella barbastellus",47.42219,0.67848,2022-03-23,"gbif"
"Barbastella barbastellus",49.16217,-1.45788,2022-03-23,"gbif"
"Barbastella barbastellus",49.16217,-1.45788,2022-03-24,"gbif"
"Barbastella barbastellus",44.17961,0.68582,2022-03-19,"gbif"
"Barbastella barbastellus",43.58005,-1.27203,2022-03-25,"gbif"
"Barbastella barbastellus",47.5760923581,4.4511876514,2026-05-30,"inat"
"Barbastella barbastellus",45.7909131959,0.5504765402,2026-05-23,"inat"
"Barbastella barbastellus",47.9112537471,4.567649658,2025-07-31,"inat"
"Barbastella barbastellus",44.3751253044,3.989373879,2026-05-02,"inat"
"Barbastella barbastellus",44.1343248038,4.5443802348,2026-04-18,"inat"
"Barbastella barbastellus",48.2179303482,-1.5352565525,2024-11-25,"inat"
"Barbastella barbastellus",48.0240827,-2.9796482952,2024-12-03,"inat"
"Barbastella barbastellus",45.2198971163,1.2067197809,2026-04-17,"inat"
"Barbastella barbastellus",45.3844073939,1.2862503212,2026-04-17,"inat"
"Barbastella barbastellus",45.8366858303,1.3190397609,2025-04-06,"inat"
"Barbastella barbastellus",45.829985473,1.2807173649,2025-04-13,"inat"
"Barbastella barbastellus",44.0115323371,4.2359194659,2026-04-01,"inat"
"Barbastella barbastellus",45.3825634181,5.8747797009,2025-11-10,"inat"
"Barbastella barbastellus",45.745909286,5.1842594457,2025-09-25,"inat"
"Barbastella barbastellus",43.537753435,-0.1196275755,2025-09-03,"inat"
"Barbastella barbastellus",43.8334076876,2.2228730325,2026-02-15,"inat"
"Barbastella barbastellus",47.2734017833,6.161451739,2026-02-01,"inat"
"Barbastella barbastellus",44.2721789638,3.3756943334,2026-01-31,"inat"
"Barbastella barbastellus",45.1703297499,5.5062731776,2026-01-24,"inat"
"Barbastella barbastellus",44.4910440603,4.3280749227,2026-01-20,"inat"
"Barbastella barbastellus",47.2884815495,4.6921990089,2023-01-22,"inat"
"Barbastella barbastellus",43.7957459019,6.3619653059,2026-01-11,"inat"
"Barbastella barbastellus",45.581632073,4.7451911274,2026-01-12,"inat"
"Barbastella barbastellus",47.8157350743,-2.7170217919,2025-04-23,"inat"
"Barbastella barbastellus",43.7166156558,6.3515512368,2026-01-11,"inat"
"Barbastella barbastellus",43.9759261483,3.663813377,2026-01-09,"inat"
"Barbastella barbastellus",48.6506342465,3.5017657335,2026-01-08,"inat"
"Barbastella barbastellus",48.7453560361,3.4680550751,2026-01-08,"inat"
"Barbastella barbastellus",47.549059443,4.8111299753,2022-05-29,"inat"
"Barbastella barbastellus",45.6105486074,6.0571383915,2025-12-27,"inat"
"Barbastella barbastellus",45.7471869119,5.7992731714,2025-12-23,"inat"
"Barbastella barbastellus",41.5184527673,8.983164869,2025-07-26,"inat"
"Barbastella barbastellus",42.1504248348,8.7392110301,2025-07-29,"inat"
"Barbastella barbastellus",48.6480466874,-2.8657347384,2025-10-22,"inat"
"Barbastella barbastellus",47.4643447959,4.6307645787,2025-09-06,"inat"
"Barbastella barbastellus",47.5623365558,4.4203399577,2025-09-06,"inat"
"Barbastella barbastellus",47.4629042552,4.505441363,2025-08-27,"inat"
"Barbastella barbastellus",47.4540377065,4.5251243927,2025-08-27,"inat"
"Barbastella barbastellus",47.5993683046,4.4435219042,2025-09-07,"inat"
"Barbastella barbastellus",47.2420300333,-0.3137270015,2016-12-10,"inat"
"Barbastella barbastellus",48.8196936784,1.9954658689,2025-03-18,"inat"
"Barbastella barbastellus",49.1372899408,6.2859288501,2025-09-21,"inat"
"Barbastella barbastellus",45.1154400138,4.6677423171,2025-09-12,"inat"
"Barbastella barbastellus",42.9948775635,1.6287096758,2025-08-21,"inat"
"Barbastella barbastellus",47.495084256,-1.5613582138,2025-08-23,"inat"
"Barbastella barbastellus",44.9192113046,3.6415155644,2025-09-08,"inat"
"Barbastella barbastellus",47.2856631749,1.1646481015,2005-08-27,"inat"
"Barbastella barbastellus",47.3220127153,0.1313252161,2025-07-02,"inat"
"Barbastella barbastellus",44.7679285346,5.6181073789,2025-08-23,"inat"
"Barbastella barbastellus",43.0375258577,0.0616881988,2025-08-30,"inat"
"Barbastella barbastellus",45.9000758891,6.3744537831,2025-02-16,"inat"
"Barbastella barbastellus",47.6004162704,1.7495682492,2025-08-07,"inat"
"Barbastella barbastellus",46.1446774554,5.8981767606,2025-07-19,"inat"
"Barbastella barbastellus",43.4329349596,-1.4604904627,2025-08-01,"inat"
"Barbastella barbastellus",46.0521020294,-0.9969295904,2025-08-01,"inat"
"Barbastella barbastellus",47.0102656617,-1.6710900536,2022-07-29,"inat"
"Barbastella barbastellus",43.7879189279,5.7119104614,2025-07-27,"inat"
"Barbastella barbastellus",46.4993104415,4.4483067709,2025-07-06,"inat"
"Barbastella barbastellus",43.9543836837,6.5943837495,2025-06-21,"inat"
"Barbastella barbastellus",49.1892262238,-1.2982861636,2025-06-10,"inat"
"Barbastella barbastellus",47.5646828747,4.5515559171,2025-06-01,"inat"
"Barbastella barbastellus",49.106035254,5.2445838545,2025-05-26,"inat"
"Barbastella barbastellus",44.599424338,6.387825384,2024-03-14,"inat"
"Barbastella barbastellus",44.0612057392,7.5177448285,2020-01-06,"inat"
"Barbastella barbastellus",43.7874405364,3.1134914036,2025-02-15,"inat"
"Barbastella barbastellus",47.3515104256,4.7493388179,2025-02-07,"inat"
"Barbastella barbastellus",47.5393724219,4.4224099247,2023-08-09,"inat"
"Barbastella barbastellus",46.8259795995,0.3529083023,2025-01-19,"inat"
"Barbastella barbastellus",46.6220431702,0.5668151912,2025-01-19,"inat"
"Barbastella barbastellus",46.7116493368,0.2184538095,2025-01-18,"inat"
"Barbastella barbastellus",46.6774597626,0.5992806352,2025-01-18,"inat"
"Barbastella barbastellus",46.743016553,0.7041711276,2025-01-18,"inat"
"Barbastella barbastellus",48.7435767871,5.148698615,2025-01-17,"inat"
"Barbastella barbastellus",45.2004626082,4.6771391494,2025-01-12,"inat"
"Barbastella barbastellus",45.2625260329,5.2807794937,2024-12-25,"inat"
"Barbastella barbastellus",46.1806332396,6.6564648502,2012-09-15,"inat"
"Barbastella barbastellus",43.9155290163,3.990059371,2024-05-04,"inat"
"Barbastella barbastellus",45.9045907857,5.4773538582,2024-11-24,"inat"
"Barbastella barbastellus",45.8048613976,5.5557891491,2024-11-24,"inat"
"Barbastella barbastellus",45.9978422494,5.4489609638,2024-11-24,"inat"
"Barbastella barbastellus",43.6918931994,3.068506749,2024-11-16,"inat"
"Barbastella barbastellus",43.6772752666,3.1360238146,2024-11-16,"inat"
"Barbastella barbastellus",43.7507956477,3.1270617661,2024-11-16,"inat"
"Barbastella barbastellus",45.5076936947,4.576951763,2019-12-13,"inat"
"Barbastella barbastellus",45.5778186955,4.7540623692,2013-02-26,"inat"
"Barbastella barbastellus",48.8927112522,-0.0200723608,2022-12-07,"inat"
"Barbastella barbastellus",44.4905517981,6.5189000842,2024-06-27,"inat"
"Barbastella barbastellus",46.3155943098,3.4024503735,2024-09-29,"inat"
"Barbastella barbastellus",43.771445466,1.1740631118,2024-10-14,"inat"
"Barbastella barbastellus",46.7374733894,5.5144145093,2024-10-05,"inat"
"Barbastella barbastellus",48.6418497976,-0.1442076657,2024-10-04,"inat"
"Barbastella barbastellus",48.2830447958,-0.1822327296,2024-09-28,"inat"
"Barbastella barbastellus",43.8710152844,5.7411939152,2024-08-20,"inat"
